GWA,Interest Area,Logical Reasoning Skill,Programming Skill,Analytical Skill,Technical/Hardware Skill,Design & Visualization Skill,Research & Documentation Skill,Agricultural/Environmental Skill,Resource Accessibility,Learning Preference,Recommended CEIT Program
1.33,Hardware & Electronics,1,4,3,3,1,2,1,3,4,BS Computer Engineering
1.95,Research & Documentation,2,3,2,4,4,5,3,2,2,BS Library and Information Science
1.48,Programming & Software,2,1,3,4,4,5,4,3,1,BS Information Technology
2.33,Agriculture & Environment,1,5,4,4,4,2,5,1,2,BS Agriculture and Biosystems Engineering
2.22,Data & Information Management,2,2,3,5,4,5,1,3,1,BS Information Systems
2.36,Data & Information Management,1,4,4,2,1,1,3,3,4,BS Information Technology
1.59,Research & Documentation,4,2,2,3,4,5,5,3,4,BS Library and Information Science
2.2,Construction & Infrastructure,3,3,2,1,5,3,5,2,3,BS Civil Engineering
2.34,Construction & Infrastructure,5,3,2,4,1,2,2,3,3,BS Civil Engineering
1.87,Programming & Software,5,3,1,5,1,1,1,1,4,BS Computer Science
2.36,Data & Information Management,3,3,5,3,2,5,4,1,1,BS Information Technology
2.04,Data & Information Management,2,5,4,2,5,1,3,1,3,BS Information Technology
2.69,Research & Documentation,1,3,1,1,2,4,2,3,1,BS Library and Information Science
1.29,Hardware & Electronics,5,2,2,1,1,1,1,1,4,BS Electronics Engineering
1.98,Research & Documentation,3,1,5,5,4,4,2,3,4,BS Library and Information Science
2.02,Hardware & Electronics,2,5,5,3,3,4,5,1,2,BS Computer Engineering
1.03,Research & Documentation,5,2,1,1,4,3,3,3,3,BS Library and Information Science
2.56,Data & Information Management,2,1,5,4,4,4,5,2,4,BS Information Systems
1.84,Agriculture & Environment,2,3,2,1,5,5,4,1,3,BS Agriculture and Biosystems Engineering
1.74,Agriculture & Environment,5,1,3,5,5,4,4,1,2,BS Agriculture and Biosystems Engineering
1.96,Construction & Infrastructure,1,2,1,5,4,2,5,2,1,BS Civil Engineering
1.51,Research & Documentation,4,5,2,3,1,4,2,2,2,BS Library and Information Science
1.63,Programming & Software,5,3,2,2,1,1,1,3,2,BS Computer Science
2.84,Data & Information Management,3,3,5,3,2,4,3,2,1,BS Information Technology
2.16,Programming & Software,4,2,3,4,3,2,4,3,1,BS Computer Science
2.56,Agriculture & Environment,4,4,3,4,3,4,1,2,4,BS Agriculture and Biosystems Engineering
2.33,Construction & Infrastructure,1,4,5,2,2,1,3,2,3,BS Civil Engineering
2.17,Programming & Software,2,1,3,2,3,5,1,2,4,BS Information Technology
2.31,Data & Information Management,4,3,2,1,4,2,4,3,4,BS Information Technology
2.0,Programming & Software,3,4,3,3,3,3,3,3,1,BS Computer Science
2.73,Research & Documentation,5,3,4,4,4,5,3,1,4,BS Library and Information Science
1.14,Data & Information Management,1,2,1,3,2,5,4,1,1,BS Information Systems
1.15,Data & Information Management,5,4,5,1,4,3,4,3,4,BS Information Technology
2.32,Agriculture & Environment,2,2,1,3,2,1,3,3,1,BS Agriculture and Biosystems Engineering
2.41,Construction & Infrastructure,1,3,5,2,1,1,5,1,1,BS Civil Engineering
1.44,Hardware & Electronics,5,3,3,3,5,3,5,3,4,BS Computer Engineering
1.98,Agriculture & Environment,4,3,3,2,2,3,5,1,3,BS Agriculture and Biosystems Engineering
1.3,Hardware & Electronics,5,4,5,2,3,1,2,3,2,BS Electronics Engineering
2.6,Construction & Infrastructure,4,4,4,3,4,2,5,1,2,BS Civil Engineering
1.15,Agriculture & Environment,1,4,1,2,4,2,2,1,1,BS Agriculture and Biosystems Engineering
1.95,Programming & Software,1,1,4,1,1,2,4,2,4,BS Information Technology
2.94,Construction & Infrastructure,5,2,1,2,2,4,1,1,3,BS Civil Engineering
2.81,Hardware & Electronics,1,1,5,2,3,1,5,2,4,BS Electronics Engineering
2.57,Construction & Infrastructure,2,1,3,4,3,2,2,3,2,BS Civil Engineering
2.53,Programming & Software,5,2,4,5,5,3,1,2,3,BS Computer Science
2.67,Programming & Software,5,3,3,3,1,1,1,2,1,BS Computer Science
2.26,Data & Information Management,4,2,1,5,1,1,2,1,2,BS Information Systems
2.51,Hardware & Electronics,3,3,4,2,2,2,4,3,2,BS Electronics Engineering
3.0,Hardware & Electronics,1,1,3,3,1,5,5,3,4,BS Computer Engineering
2.49,Research & Documentation,3,5,2,2,5,5,3,2,2,BS Library and Information Science
1.92,Research & Documentation,5,4,3,4,4,2,4,3,2,BS Information Systems
2.34,Research & Documentation,3,1,3,3,4,4,3,3,4,BS Library and Information Science
2.96,Programming & Software,5,1,1,3,3,5,4,2,1,BS Computer Science
1.17,Construction & Infrastructure,3,3,4,2,1,4,1,1,3,BS Civil Engineering
2.54,Construction & Infrastructure,5,3,4,2,1,3,3,1,2,BS Civil Engineering
2.39,Programming & Software,2,3,4,2,5,3,5,2,2,BS Information Technology
1.08,Hardware & Electronics,4,4,1,2,5,5,4,2,4,BS Electronics Engineering
2.12,Construction & Infrastructure,5,5,1,1,2,4,5,3,2,BS Civil Engineering
1.37,Agriculture & Environment,2,3,4,3,4,4,3,2,1,BS Agriculture and Biosystems Engineering
2.61,Construction & Infrastructure,4,5,5,5,5,1,2,1,4,BS Civil Engineering
1.83,Research & Documentation,3,4,4,5,4,4,3,3,2,BS Library and Information Science
2.83,Agriculture & Environment,4,5,1,5,1,1,5,1,2,BS Agriculture and Biosystems Engineering
2.35,Research & Documentation,3,3,2,1,5,3,2,3,4,BS Library and Information Science
1.87,Construction & Infrastructure,5,3,5,1,2,3,5,2,2,BS Civil Engineering
1.31,Research & Documentation,2,4,4,2,2,2,3,1,1,BS Information Systems
1.13,Hardware & Electronics,4,2,1,4,2,4,5,2,2,BS Computer Engineering
2.77,Research & Documentation,2,4,4,4,5,1,3,3,3,BS Information Systems
2.45,Data & Information Management,1,1,3,3,2,4,1,3,1,BS Information Systems
2.39,Agriculture & Environment,2,5,2,5,4,2,4,2,1,BS Agriculture and Biosystems Engineering
1.24,Construction & Infrastructure,5,4,3,4,5,1,1,3,3,BS Civil Engineering
2.0,Agriculture & Environment,2,5,2,5,2,1,5,2,3,BS Agriculture and Biosystems Engineering
1.01,Construction & Infrastructure,4,1,3,3,3,4,2,3,4,BS Civil Engineering
2.84,Programming & Software,3,5,3,3,4,3,4,2,2,BS Computer Science
1.47,Data & Information Management,5,3,5,1,1,1,2,3,2,BS Information Technology
1.96,Research & Documentation,4,4,5,1,1,1,1,3,4,BS Information Systems
2.71,Hardware & Electronics,5,2,4,3,4,1,1,2,2,BS Computer Engineering
1.22,Research & Documentation,5,5,1,3,3,3,1,2,4,BS Library and Information Science
1.68,Research & Documentation,1,4,1,5,2,2,1,3,4,BS Information Systems
1.87,Programming & Software,4,2,3,1,1,1,3,3,1,BS Computer Science
2.23,Hardware & Electronics,4,1,5,1,3,1,5,3,3,BS Electronics Engineering
1.92,Data & Information Management,3,3,5,1,4,3,2,3,4,BS Information Technology
2.03,Programming & Software,1,5,3,5,3,4,5,1,1,BS Information Technology
2.17,Agriculture & Environment,2,3,1,2,1,2,5,3,2,BS Agriculture and Biosystems Engineering
2.27,Research & Documentation,1,3,3,5,1,3,5,1,2,BS Library and Information Science
2.44,Research & Documentation,5,5,3,2,4,3,2,2,4,BS Library and Information Science
1.32,Construction & Infrastructure,3,3,5,3,1,3,4,1,1,BS Civil Engineering
1.21,Hardware & Electronics,3,1,3,3,4,5,4,2,3,BS Computer Engineering
1.37,Hardware & Electronics,5,2,2,2,5,2,4,2,2,BS Electronics Engineering
2.1,Research & Documentation,1,3,4,2,1,2,2,1,1,BS Information Systems
1.99,Programming & Software,3,2,5,4,3,4,1,3,1,BS Computer Science
2.92,Hardware & Electronics,2,5,3,1,4,2,2,1,2,BS Computer Engineering
1.34,Agriculture & Environment,4,2,4,3,2,3,1,3,3,BS Agriculture and Biosystems Engineering
1.96,Research & Documentation,5,2,2,1,3,2,4,3,1,BS Information Systems
1.86,Data & Information Management,1,1,5,3,1,3,3,1,3,BS Information Systems
2.16,Agriculture & Environment,5,3,1,5,3,5,1,2,1,BS Agriculture and Biosystems Engineering
1.65,Programming & Software,1,1,3,3,5,2,4,1,3,BS Information Technology
1.57,Research & Documentation,2,4,3,2,3,5,2,1,4,BS Library and Information Science
1.95,Data & Information Management,2,4,3,1,3,4,3,2,3,BS Information Technology
2.63,Hardware & Electronics,5,2,2,5,3,4,3,1,1,BS Computer Engineering
2.93,Data & Information Management,3,2,3,5,5,3,3,1,1,BS Information Systems
2.51,Construction & Infrastructure,2,4,5,5,3,1,2,2,2,BS Civil Engineering
2.6,Agriculture & Environment,3,3,4,1,1,4,3,1,4,BS Agriculture and Biosystems Engineering
2.45,Data & Information Management,2,4,4,5,3,2,3,1,1,BS Information Technology
2.91,Programming & Software,3,2,2,3,1,3,3,1,2,BS Computer Science
2.9,Hardware & Electronics,1,5,1,1,3,3,1,2,4,BS Computer Engineering
1.36,Agriculture & Environment,3,5,5,3,5,5,5,2,2,BS Agriculture and Biosystems Engineering
2.95,Construction & Infrastructure,4,5,5,5,2,5,5,2,3,BS Civil Engineering
1.08,Research & Documentation,1,1,1,2,4,4,4,2,2,BS Library and Information Science
1.52,Research & Documentation,2,3,3,4,4,4,5,1,2,BS Library and Information Science
1.0,Hardware & Electronics,5,3,1,1,2,1,3,3,4,BS Electronics Engineering
1.31,Construction & Infrastructure,2,4,2,1,3,4,5,3,1,BS Civil Engineering
2.65,Hardware & Electronics,3,4,2,1,2,3,3,2,1,BS Computer Engineering
1.94,Data & Information Management,3,5,1,3,4,2,1,1,2,BS Information Technology
1.44,Programming & Software,2,2,2,4,5,5,2,1,2,BS Information Technology
1.1,Data & Information Management,4,5,4,3,5,2,4,2,4,BS Information Technology
1.97,Programming & Software,1,3,1,1,2,1,5,2,2,BS Information Technology
1.22,Data & Information Management,3,5,1,5,5,2,1,3,4,BS Information Technology
2.98,Agriculture & Environment,4,3,1,3,1,1,5,3,1,BS Agriculture and Biosystems Engineering
2.37,Construction & Infrastructure,4,5,3,2,1,2,5,3,2,BS Civil Engineering
1.7,Construction & Infrastructure,1,4,3,1,1,2,4,3,3,BS Civil Engineering
1.06,Data & Information Management,5,1,1,1,3,4,4,2,2,BS Information Systems
2.13,Hardware & Electronics,2,4,3,1,3,4,1,3,1,BS Computer Engineering
1.42,Construction & Infrastructure,5,4,2,1,4,1,3,1,1,BS Civil Engineering
2.49,Research & Documentation,5,4,1,2,4,3,4,1,3,BS Library and Information Science
2.29,Construction & Infrastructure,3,2,2,2,1,3,2,2,4,BS Civil Engineering
2.62,Hardware & Electronics,5,1,5,3,3,4,5,3,4,BS Computer Engineering
2.38,Agriculture & Environment,4,2,4,3,3,4,3,1,1,BS Agriculture and Biosystems Engineering
2.38,Agriculture & Environment,2,4,2,3,1,4,5,1,1,BS Agriculture and Biosystems Engineering
2.36,Programming & Software,5,4,3,5,4,5,2,3,2,BS Computer Science
2.55,Data & Information Management,4,1,1,1,2,2,4,2,2,BS Information Systems
1.49,Data & Information Management,3,1,3,5,1,4,3,3,1,BS Information Systems
1.49,Agriculture & Environment,1,2,3,4,5,5,4,1,2,BS Agriculture and Biosystems Engineering
1.02,Data & Information Management,2,4,1,2,5,5,3,2,4,BS Information Technology
1.64,Data & Information Management,2,4,2,5,1,2,1,3,2,BS Information Technology
1.23,Construction & Infrastructure,3,3,4,2,1,4,5,2,4,BS Civil Engineering
2.85,Hardware & Electronics,2,3,2,3,3,4,2,3,3,BS Computer Engineering
2.82,Data & Information Management,1,2,1,2,2,2,3,3,4,BS Information Systems
1.2,Hardware & Electronics,5,2,4,1,5,2,1,3,2,BS Electronics Engineering
2.88,Agriculture & Environment,3,2,3,1,4,1,1,3,3,BS Agriculture and Biosystems Engineering
1.1,Programming & Software,5,3,5,2,4,1,3,1,4,BS Computer Science
2.86,Research & Documentation,3,5,5,2,3,3,5,2,1,BS Library and Information Science
2.49,Hardware & Electronics,5,5,3,4,1,4,1,2,4,BS Computer Engineering
1.12,Research & Documentation,3,4,3,1,1,1,2,1,1,BS Information Systems
1.66,Hardware & Electronics,3,1,5,4,3,4,2,2,2,BS Computer Engineering
1.25,Construction & Infrastructure,1,1,5,5,3,5,1,2,2,BS Civil Engineering
2.22,Data & Information Management,2,3,4,3,4,3,2,3,1,BS Information Technology
2.63,Research & Documentation,3,4,2,4,4,3,3,2,3,BS Library and Information Science
1.12,Agriculture & Environment,5,4,5,5,2,5,2,2,3,BS Agriculture and Biosystems Engineering
2.28,Hardware & Electronics,5,5,4,3,1,3,5,2,2,BS Computer Engineering
1.44,Construction & Infrastructure,4,3,5,2,2,5,3,3,4,BS Civil Engineering
2.78,Agriculture & Environment,2,1,4,1,4,4,5,2,2,BS Agriculture and Biosystems Engineering
2.32,Hardware & Electronics,5,3,1,1,5,4,2,3,4,BS Electronics Engineering
1.29,Construction & Infrastructure,5,4,1,1,2,2,3,2,3,BS Civil Engineering
2.31,Construction & Infrastructure,2,4,3,5,1,5,5,2,4,BS Civil Engineering
1.45,Research & Documentation,2,4,3,3,2,3,1,2,1,BS Library and Information Science
1.22,Construction & Infrastructure,1,1,3,5,3,1,5,1,2,BS Civil Engineering
1.14,Research & Documentation,3,2,3,5,2,2,1,2,2,BS Information Systems
2.04,Programming & Software,4,3,2,4,4,5,4,1,2,BS Computer Science
2.22,Agriculture & Environment,4,2,3,4,3,3,4,1,4,BS Agriculture and Biosystems Engineering
2.38,Research & Documentation,3,1,4,5,5,4,3,3,1,BS Library and Information Science
1.64,Agriculture & Environment,2,5,2,1,2,3,5,3,2,BS Agriculture and Biosystems Engineering
1.04,Data & Information Management,4,1,4,3,1,2,4,1,3,BS Information Systems
2.39,Agriculture & Environment,3,3,2,3,2,1,3,2,1,BS Agriculture and Biosystems Engineering
2.62,Data & Information Management,3,2,1,1,4,5,4,1,4,BS Information Systems
2.15,Agriculture & Environment,3,3,1,1,5,4,5,2,3,BS Agriculture and Biosystems Engineering
1.53,Data & Information Management,3,2,4,5,4,3,4,1,2,BS Information Systems
1.31,Data & Information Management,5,5,4,3,4,2,3,2,1,BS Information Technology
2.0,Data & Information Management,4,2,2,2,5,4,2,3,2,BS Information Systems
1.75,Agriculture & Environment,2,3,5,4,1,3,3,2,4,BS Agriculture and Biosystems Engineering
1.85,Hardware & Electronics,2,2,1,3,4,2,2,3,3,BS Computer Engineering
1.93,Data & Information Management,1,3,2,5,3,3,4,3,2,BS Information Technology
2.71,Research & Documentation,5,3,3,4,4,5,4,2,4,BS Library and Information Science
1.01,Programming & Software,5,1,1,2,5,1,4,3,4,BS Computer Science
2.47,Agriculture & Environment,4,4,3,2,3,3,2,1,4,BS Agriculture and Biosystems Engineering
2.84,Research & Documentation,4,3,5,4,3,5,3,3,1,BS Library and Information Science
1.02,Agriculture & Environment,2,3,2,1,4,5,1,2,4,BS Agriculture and Biosystems Engineering
1.18,Data & Information Management,3,1,5,4,4,5,2,1,3,BS Information Systems
2.87,Programming & Software,1,2,3,2,3,2,4,1,1,BS Information Technology
1.01,Agriculture & Environment,4,2,1,3,1,5,4,1,1,BS Agriculture and Biosystems Engineering
2.75,Data & Information Management,4,3,2,5,5,2,2,1,1,BS Information Technology
1.92,Construction & Infrastructure,1,1,5,2,5,4,5,3,4,BS Civil Engineering
2.12,Hardware & Electronics,4,4,1,4,4,5,3,3,2,BS Computer Engineering
2.56,Programming & Software,1,1,4,3,4,5,2,3,2,BS Information Technology
2.64,Programming & Software,1,5,4,5,4,3,1,3,3,BS Information Technology
1.09,Agriculture & Environment,2,2,5,3,2,5,3,1,3,BS Agriculture and Biosystems Engineering
1.44,Agriculture & Environment,5,1,1,3,1,2,2,1,2,BS Agriculture and Biosystems Engineering
1.69,Hardware & Electronics,4,1,4,3,3,2,4,1,2,BS Computer Engineering
1.89,Programming & Software,2,4,4,5,1,4,2,1,2,BS Information Technology
2.55,Construction & Infrastructure,1,3,4,5,4,5,3,3,1,BS Civil Engineering
2.05,Research & Documentation,1,3,3,4,3,4,2,3,1,BS Library and Information Science
1.81,Construction & Infrastructure,2,2,5,4,2,5,4,2,4,BS Civil Engineering
1.28,Agriculture & Environment,5,4,3,5,4,5,3,3,1,BS Agriculture and Biosystems Engineering
1.16,Hardware & Electronics,4,4,4,3,4,1,1,2,2,BS Computer Engineering
2.75,Research & Documentation,4,4,5,1,2,1,4,3,1,BS Information Systems
1.8,Construction & Infrastructure,4,2,2,1,2,2,4,3,4,BS Civil Engineering
1.32,Construction & Infrastructure,4,1,5,1,5,4,4,1,1,BS Civil Engineering
2.38,Research & Documentation,5,5,2,5,2,4,2,3,1,BS Library and Information Science
2.57,Data & Information Management,3,5,3,5,2,2,5,3,1,BS Information Technology
2.65,Hardware & Electronics,5,1,2,1,5,3,2,2,3,BS Electronics Engineering
1.08,Agriculture & Environment,1,3,1,2,3,2,1,2,2,BS Agriculture and Biosystems Engineering
1.32,Hardware & Electronics,3,2,4,1,2,3,2,2,1,BS Electronics Engineering
1.7,Hardware & Electronics,5,3,1,1,1,2,3,2,3,BS Electronics Engineering
1.79,Hardware & Electronics,4,2,1,3,3,1,1,3,2,BS Computer Engineering
1.92,Agriculture & Environment,3,3,2,1,3,4,3,1,1,BS Agriculture and Biosystems Engineering
2.95,Data & Information Management,3,3,3,2,5,3,5,3,2,BS Information Technology
1.76,Hardware & Electronics,5,1,4,2,4,5,5,2,1,BS Electronics Engineering
2.32,Research & Documentation,3,1,2,2,4,4,2,1,1,BS Library and Information Science
1.16,Hardware & Electronics,3,1,5,2,3,5,2,3,2,BS Electronics Engineering
2.2,Programming & Software,1,4,1,2,1,3,5,1,3,BS Information Technology
2.56,Data & Information Management,2,1,4,1,5,4,2,2,3,BS Information Systems
1.56,Agriculture & Environment,4,1,5,5,3,4,3,1,1,BS Agriculture and Biosystems Engineering
2.96,Hardware & Electronics,4,5,2,4,3,1,3,3,4,BS Computer Engineering
1.77,Programming & Software,1,4,4,2,1,3,1,1,2,BS Information Technology
1.04,Construction & Infrastructure,3,5,1,3,3,5,3,2,1,BS Civil Engineering
2.13,Agriculture & Environment,4,4,4,1,4,3,3,1,1,BS Agriculture and Biosystems Engineering
2.69,Data & Information Management,4,2,4,2,1,3,4,3,1,BS Information Systems
2.77,Data & Information Management,2,4,2,3,5,1,1,2,1,BS Information Technology
1.05,Hardware & Electronics,2,3,4,4,4,1,2,2,4,BS Computer Engineering
1.56,Data & Information Management,5,1,4,3,1,5,4,1,1,BS Information Systems
2.68,Hardware & Electronics,2,5,1,1,2,2,1,1,2,BS Computer Engineering
2.72,Research & Documentation,2,5,5,3,4,4,5,3,3,BS Library and Information Science
2.34,Construction & Infrastructure,3,5,2,5,5,3,2,2,1,BS Civil Engineering
2.68,Agriculture & Environment,4,3,2,4,4,4,5,2,4,BS Agriculture and Biosystems Engineering
1.21,Hardware & Electronics,1,5,3,2,4,4,1,2,1,BS Computer Engineering
1.34,Programming & Software,4,3,3,1,2,2,4,3,4,BS Computer Science
2.28,Construction & Infrastructure,2,3,5,5,1,1,4,1,4,BS Civil Engineering
1.79,Programming & Software,4,4,2,1,5,4,1,3,3,BS Computer Science
1.62,Programming & Software,3,4,4,1,1,2,1,2,4,BS Computer Science
2.91,Programming & Software,3,4,1,3,1,5,3,1,2,BS Computer Science
2.32,Construction & Infrastructure,4,5,4,3,2,4,1,1,2,BS Civil Engineering
2.02,Hardware & Electronics,2,1,1,4,2,2,5,1,3,BS Computer Engineering
2.12,Construction & Infrastructure,4,5,2,2,4,2,1,2,1,BS Civil Engineering
1.68,Hardware & Electronics,5,2,5,4,1,2,2,1,2,BS Computer Engineering
1.18,Data & Information Management,1,2,4,2,4,5,1,2,3,BS Information Systems
2.18,Hardware & Electronics,2,1,3,3,3,1,2,1,4,BS Computer Engineering
1.88,Data & Information Management,1,4,4,3,4,4,1,2,3,BS Information Technology
1.41,Data & Information Management,1,3,1,5,5,5,2,2,1,BS Information Technology
2.48,Construction & Infrastructure,5,4,4,3,4,1,2,2,3,BS Civil Engineering
1.62,Construction & Infrastructure,3,1,5,3,5,5,5,2,2,BS Civil Engineering
1.42,Hardware & Electronics,2,5,5,5,3,5,1,3,4,BS Computer Engineering
1.92,Construction & Infrastructure,5,4,1,3,2,3,5,2,1,BS Civil Engineering
1.19,Programming & Software,5,5,2,4,5,4,4,3,3,BS Computer Science
1.52,Hardware & Electronics,4,4,4,2,5,3,3,1,1,BS Electronics Engineering
1.47,Construction & Infrastructure,5,4,1,5,5,5,5,3,4,BS Civil Engineering
2.55,Programming & Software,1,3,5,1,5,2,3,1,1,BS Information Technology
2.43,Data & Information Management,2,4,3,1,2,1,5,1,1,BS Information Technology
1.1,Construction & Infrastructure,4,3,2,3,4,1,5,1,2,BS Civil Engineering
1.98,Hardware & Electronics,3,2,1,2,5,5,1,1,1,BS Electronics Engineering
2.96,Construction & Infrastructure,3,2,4,2,3,1,3,1,2,BS Civil Engineering
2.51,Hardware & Electronics,3,5,5,1,4,2,2,3,2,BS Computer Engineering
1.74,Hardware & Electronics,3,2,1,2,5,5,3,3,2,BS Electronics Engineering
2.32,Programming & Software,4,1,4,3,4,1,5,1,3,BS Computer Science
2.82,Construction & Infrastructure,5,1,5,4,3,3,2,1,1,BS Civil Engineering
1.78,Agriculture & Environment,3,3,1,2,5,2,4,3,3,BS Agriculture and Biosystems Engineering
2.28,Hardware & Electronics,1,5,2,1,2,4,3,3,2,BS Computer Engineering
1.54,Data & Information Management,3,5,2,5,4,2,4,2,3,BS Information Technology
2.92,Programming & Software,2,4,3,3,2,1,1,1,2,BS Information Technology
1.5,Construction & Infrastructure,1,5,5,2,5,2,3,2,3,BS Civil Engineering
2.29,Hardware & Electronics,1,5,2,4,5,2,2,3,4,BS Computer Engineering
1.3,Agriculture & Environment,1,3,4,4,2,1,2,1,2,BS Agriculture and Biosystems Engineering
2.68,Programming & Software,3,1,3,4,1,1,2,2,2,BS Computer Science
1.61,Agriculture & Environment,4,4,4,2,3,3,5,3,2,BS Agriculture and Biosystems Engineering
2.73,Data & Information Management,1,1,2,1,2,1,1,1,4,BS Information Systems
2.94,Construction & Infrastructure,5,3,5,2,3,4,5,1,4,BS Civil Engineering
1.14,Data & Information Management,2,1,2,1,3,3,4,1,4,BS Information Systems
2.62,Hardware & Electronics,4,3,4,5,4,5,2,1,1,BS Computer Engineering
2.87,Agriculture & Environment,5,1,5,4,4,2,4,1,2,BS Agriculture and Biosystems Engineering
2.08,Data & Information Management,2,4,3,5,1,2,2,1,4,BS Information Technology
1.3,Construction & Infrastructure,1,5,1,4,1,5,2,1,3,BS Civil Engineering
2.98,Programming & Software,5,2,2,4,4,4,4,3,2,BS Computer Science
2.78,Research & Documentation,4,2,4,5,5,2,3,1,2,BS Information Systems
1.67,Research & Documentation,3,2,2,2,2,1,3,2,2,BS Information Systems
2.95,Construction & Infrastructure,2,5,1,1,4,4,3,3,3,BS Civil Engineering
1.86,Research & Documentation,3,4,4,5,1,2,4,1,2,BS Information Systems
2.28,Research & Documentation,5,3,5,5,2,1,4,3,4,BS Information Systems
2.34,Agriculture & Environment,2,4,1,2,1,2,2,3,4,BS Agriculture and Biosystems Engineering
1.23,Data & Information Management,3,5,1,1,3,1,3,2,3,BS Information Technology
1.84,Construction & Infrastructure,1,5,2,4,1,1,3,1,3,BS Civil Engineering
2.92,Research & Documentation,4,1,3,1,1,4,2,1,4,BS Library and Information Science
1.1,Construction & Infrastructure,5,2,3,5,3,3,3,1,2,BS Civil Engineering
1.5,Research & Documentation,5,2,1,5,5,3,2,1,2,BS Library and Information Science
1.17,Agriculture & Environment,3,3,3,4,5,3,5,3,2,BS Agriculture and Biosystems Engineering
1.02,Programming & Software,2,4,4,5,4,4,2,2,1,BS Information Technology
1.66,Data & Information Management,3,4,4,4,1,4,3,3,3,BS Information Technology
2.26,Research & Documentation,1,2,1,4,5,5,1,1,3,BS Library and Information Science
1.41,Programming & Software,1,3,3,2,1,2,1,2,1,BS Information Technology
1.69,Hardware & Electronics,1,4,2,2,4,4,1,2,2,BS Computer Engineering
1.04,Hardware & Electronics,5,3,5,1,2,1,1,2,1,BS Electronics Engineering
1.32,Data & Information Management,5,2,2,5,1,3,2,2,4,BS Information Systems
1.14,Hardware & Electronics,5,1,5,5,2,3,5,2,2,BS Computer Engineering
2.15,Agriculture & Environment,5,5,1,5,1,1,5,3,3,BS Agriculture and Biosystems Engineering
2.54,Construction & Infrastructure,4,5,4,2,3,5,2,3,4,BS Civil Engineering
2.86,Data & Information Management,1,3,4,4,3,5,4,3,3,BS Information Technology
2.84,Data & Information Management,2,3,5,4,1,3,3,1,4,BS Information Technology
2.95,Research & Documentation,3,3,4,1,5,1,5,3,1,BS Information Systems
2.02,Research & Documentation,3,1,2,2,5,5,4,2,1,BS Library and Information Science
2.77,Data & Information Management,5,4,3,1,5,1,5,2,4,BS Information Technology
2.28,Research & Documentation,3,4,2,3,4,5,2,3,1,BS Library and Information Science
1.98,Agriculture & Environment,2,3,2,3,1,3,1,2,1,BS Agriculture and Biosystems Engineering
2.76,Hardware & Electronics,5,1,1,2,1,2,1,2,1,BS Electronics Engineering
2.01,Construction & Infrastructure,5,4,3,3,2,2,5,2,2,BS Civil Engineering
1.85,Hardware & Electronics,5,5,3,3,1,3,4,2,1,BS Computer Engineering
1.09,Hardware & Electronics,5,4,2,2,1,1,2,2,1,BS Electronics Engineering
2.37,Agriculture & Environment,4,4,2,2,1,5,2,1,4,BS Agriculture and Biosystems Engineering
2.15,Hardware & Electronics,1,5,2,4,1,4,5,1,2,BS Computer Engineering
1.34,Agriculture & Environment,5,1,4,5,5,3,2,3,4,BS Agriculture and Biosystems Engineering
2.15,Agriculture & Environment,4,5,3,3,1,1,2,2,4,BS Agriculture and Biosystems Engineering
1.13,Programming & Software,1,1,5,4,3,5,1,1,2,BS Information Technology
2.47,Research & Documentation,5,1,1,4,1,2,5,1,1,BS Information Systems
2.37,Research & Documentation,5,2,3,2,4,1,4,3,2,BS Information Systems
2.16,Construction & Infrastructure,5,1,4,5,4,3,2,2,4,BS Civil Engineering
2.33,Hardware & Electronics,1,4,3,2,1,1,5,3,1,BS Computer Engineering
2.55,Agriculture & Environment,5,4,5,5,5,3,1,3,3,BS Agriculture and Biosystems Engineering
1.24,Construction & Infrastructure,4,2,3,2,4,1,5,3,2,BS Civil Engineering
2.84,Data & Information Management,2,5,4,3,4,4,4,3,1,BS Information Technology
2.04,Research & Documentation,5,1,3,2,2,3,2,3,1,BS Library and Information Science
1.74,Hardware & Electronics,5,4,3,3,1,2,4,3,4,BS Computer Engineering
1.78,Hardware & Electronics,4,2,5,3,4,3,3,2,4,BS Computer Engineering
2.57,Data & Information Management,2,2,3,5,5,3,4,1,4,BS Information Systems
2.81,Programming & Software,1,4,4,5,3,5,1,2,4,BS Information Technology
1.57,Agriculture & Environment,2,3,5,4,4,3,5,2,1,BS Agriculture and Biosystems Engineering
1.98,Hardware & Electronics,4,1,3,4,1,3,4,2,4,BS Computer Engineering
1.01,Agriculture & Environment,3,2,5,1,2,5,5,1,3,BS Agriculture and Biosystems Engineering
1.57,Programming & Software,2,2,4,4,5,3,1,1,3,BS Information Technology
2.93,Agriculture & Environment,2,3,3,1,3,5,1,1,2,BS Agriculture and Biosystems Engineering
2.7,Programming & Software,2,5,3,4,3,5,5,3,2,BS Information Technology
2.86,Research & Documentation,1,4,1,3,4,2,3,3,4,BS Information Systems
2.3,Agriculture & Environment,1,5,3,5,3,1,4,2,4,BS Agriculture and Biosystems Engineering
1.23,Hardware & Electronics,1,5,1,3,2,5,5,2,2,BS Computer Engineering
2.81,Programming & Software,1,3,3,4,5,1,3,1,3,BS Information Technology
2.25,Construction & Infrastructure,2,5,2,3,2,3,3,1,4,BS Civil Engineering
1.17,Programming & Software,2,5,3,4,3,5,2,3,4,BS Information Technology
1.76,Research & Documentation,4,5,1,5,2,2,5,1,1,BS Information Systems
2.44,Construction & Infrastructure,2,5,1,1,1,1,1,1,1,BS Civil Engineering
1.22,Agriculture & Environment,3,2,2,4,4,1,2,3,4,BS Agriculture and Biosystems Engineering
2.86,Hardware & Electronics,5,3,4,4,4,2,1,3,2,BS Computer Engineering
2.41,Research & Documentation,5,2,3,2,4,2,2,1,4,BS Information Systems
1.9,Construction & Infrastructure,3,5,4,3,2,2,1,2,3,BS Civil Engineering
1.58,Data & Information Management,5,2,5,4,3,2,3,3,1,BS Information Systems
2.01,Agriculture & Environment,4,5,2,4,5,4,3,3,2,BS Agriculture and Biosystems Engineering
1.63,Research & Documentation,3,1,4,1,1,2,2,3,2,BS Information Systems
2.68,Agriculture & Environment,5,3,5,1,2,2,4,2,3,BS Agriculture and Biosystems Engineering
1.03,Agriculture & Environment,1,1,3,3,5,4,5,3,3,BS Agriculture and Biosystems Engineering
1.25,Agriculture & Environment,2,2,4,1,5,2,2,2,1,BS Agriculture and Biosystems Engineering
1.35,Data & Information Management,4,3,1,5,2,1,4,2,2,BS Information Technology
2.11,Programming & Software,4,2,3,3,5,5,4,3,1,BS Computer Science
1.79,Construction & Infrastructure,3,2,3,1,5,3,1,2,1,BS Civil Engineering
1.2,Research & Documentation,2,5,1,2,4,5,1,2,4,BS Library and Information Science
2.72,Data & Information Management,4,5,3,2,4,1,1,1,4,BS Information Technology
2.73,Hardware & Electronics,2,5,1,5,5,4,1,2,2,BS Computer Engineering
2.09,Agriculture & Environment,5,4,5,2,4,3,1,1,4,BS Agriculture and Biosystems Engineering
2.15,Research & Documentation,3,4,1,5,4,5,1,3,2,BS Library and Information Science
2.84,Data & Information Management,1,1,3,3,2,4,1,1,2,BS Information Systems
1.66,Programming & Software,4,4,3,4,2,3,2,1,3,BS Computer Science
1.63,Programming & Software,4,4,2,4,2,2,3,1,2,BS Computer Science
2.82,Data & Information Management,4,3,5,5,4,2,2,2,4,BS Information Technology
1.43,Hardware & Electronics,4,1,5,3,5,5,5,2,3,BS Computer Engineering
1.04,Construction & Infrastructure,4,5,5,3,3,1,3,2,3,BS Civil Engineering
2.39,Research & Documentation,2,5,1,1,2,4,2,2,2,BS Library and Information Science
1.0,Programming & Software,5,4,1,4,3,2,1,3,1,BS Computer Science
2.36,Construction & Infrastructure,1,1,1,2,4,1,4,2,3,BS Civil Engineering
2.87,Construction & Infrastructure,2,1,5,1,1,4,2,2,1,BS Civil Engineering
2.54,Data & Information Management,4,2,5,1,3,1,1,1,1,BS Information Systems
2.81,Agriculture & Environment,3,4,3,1,1,3,2,1,2,BS Agriculture and Biosystems Engineering
1.63,Data & Information Management,5,5,2,5,5,1,1,1,3,BS Information Technology
1.93,Construction & Infrastructure,1,1,5,2,1,4,2,3,2,BS Civil Engineering
2.17,Data & Information Management,1,2,2,1,4,4,5,1,1,BS Information Systems
2.39,Construction & Infrastructure,4,4,2,5,2,2,3,3,4,BS Civil Engineering
1.73,Hardware & Electronics,1,4,2,1,4,4,2,3,1,BS Computer Engineering
2.77,Construction & Infrastructure,4,5,3,4,4,2,4,2,3,BS Civil Engineering
2.9,Research & Documentation,3,4,1,2,4,1,5,2,4,BS Information Systems
1.25,Agriculture & Environment,5,2,5,2,5,2,1,3,3,BS Agriculture and Biosystems Engineering
2.78,Construction & Infrastructure,3,2,2,2,5,4,2,2,2,BS Civil Engineering
2.74,Data & Information Management,1,5,2,5,5,5,4,1,3,BS Information Technology
2.69,Programming & Software,3,4,5,1,5,2,5,3,1,BS Computer Science
2.17,Programming & Software,4,3,1,2,4,3,3,2,4,BS Computer Science
1.16,Programming & Software,4,5,5,3,1,5,4,2,4,BS Computer Science
1.6,Research & Documentation,5,1,4,3,4,3,2,1,3,BS Library and Information Science
2.72,Programming & Software,4,3,4,2,3,4,1,1,3,BS Computer Science
1.13,Agriculture & Environment,5,2,4,4,3,4,3,2,1,BS Agriculture and Biosystems Engineering
1.71,Hardware & Electronics,1,5,1,1,4,2,1,3,2,BS Computer Engineering
2.64,Research & Documentation,5,3,3,1,5,3,5,2,4,BS Library and Information Science
1.77,Construction & Infrastructure,3,5,2,4,4,2,4,1,2,BS Civil Engineering
1.78,Programming & Software,5,1,2,4,5,2,4,3,3,BS Computer Science
2.8,Hardware & Electronics,4,1,2,5,4,5,3,3,2,BS Computer Engineering
1.74,Data & Information Management,4,3,5,4,2,4,1,1,1,BS Information Technology
2.04,Research & Documentation,2,3,3,4,1,5,3,1,4,BS Library and Information Science
2.7,Hardware & Electronics,5,4,2,2,3,3,2,1,1,BS Electronics Engineering
2.05,Agriculture & Environment,5,5,2,4,3,4,3,1,3,BS Agriculture and Biosystems Engineering
2.33,Research & Documentation,1,3,3,1,4,1,2,2,2,BS Information Systems
1.65,Agriculture & Environment,4,4,4,1,4,3,2,2,3,BS Agriculture and Biosystems Engineering
2.88,Hardware & Electronics,3,5,1,4,3,5,5,2,2,BS Computer Engineering
1.88,Construction & Infrastructure,3,2,5,5,4,1,3,2,1,BS Civil Engineering
1.35,Data & Information Management,5,5,3,1,4,3,5,1,3,BS Information Technology
2.14,Construction & Infrastructure,2,1,5,2,4,5,5,2,4,BS Civil Engineering
2.77,Agriculture & Environment,1,4,5,3,3,1,4,2,2,BS Agriculture and Biosystems Engineering
2.7,Hardware & Electronics,3,1,3,5,2,5,1,3,4,BS Computer Engineering
1.94,Programming & Software,5,4,2,2,5,2,2,1,2,BS Computer Science
1.31,Programming & Software,2,1,4,3,1,3,2,3,4,BS Information Technology
1.01,Hardware & Electronics,3,2,2,2,3,3,5,3,4,BS Electronics Engineering
1.64,Data & Information Management,4,1,4,2,2,5,2,3,1,BS Information Systems
1.91,Agriculture & Environment,3,2,4,2,1,1,1,3,1,BS Agriculture and Biosystems Engineering
1.94,Hardware & Electronics,4,3,5,1,4,4,2,3,3,BS Electronics Engineering
1.8,Data & Information Management,5,5,3,2,3,4,5,2,2,BS Information Technology
2.5,Data & Information Management,4,1,2,2,5,2,4,1,4,BS Information Systems
2.79,Construction & Infrastructure,1,5,5,1,2,2,2,1,4,BS Civil Engineering
2.58,Agriculture & Environment,1,4,5,2,3,1,4,3,3,BS Agriculture and Biosystems Engineering
2.19,Research & Documentation,5,4,3,4,2,2,2,1,2,BS Information Systems
2.27,Research & Documentation,2,1,4,4,4,4,5,1,1,BS Library and Information Science
2.48,Data & Information Management,2,2,4,5,4,5,1,1,3,BS Information Systems
1.86,Hardware & Electronics,4,2,5,1,5,2,3,2,4,BS Electronics Engineering
2.44,Hardware & Electronics,4,5,2,4,3,4,5,1,1,BS Computer Engineering
2.0,Hardware & Electronics,5,3,5,3,3,2,3,3,4,BS Computer Engineering
2.73,Programming & Software,4,3,1,3,4,4,3,2,1,BS Computer Science
1.7,Programming & Software,2,4,2,2,4,1,1,3,2,BS Information Technology
1.38,Data & Information Management,3,5,2,4,1,1,4,3,1,BS Information Technology
1.76,Agriculture & Environment,4,4,1,3,1,1,1,2,3,BS Agriculture and Biosystems Engineering
1.01,Programming & Software,3,5,5,1,3,2,5,1,4,BS Computer Science
1.31,Agriculture & Environment,4,1,5,5,2,1,3,1,4,BS Agriculture and Biosystems Engineering
1.15,Construction & Infrastructure,5,1,4,2,2,5,1,3,3,BS Civil Engineering
2.53,Construction & Infrastructure,4,5,5,5,2,2,3,3,2,BS Civil Engineering
1.65,Research & Documentation,5,3,4,2,1,1,4,1,2,BS Information Systems
2.32,Data & Information Management,1,2,3,3,3,1,5,1,3,BS Information Systems
2.02,Hardware & Electronics,1,1,3,3,3,5,2,1,2,BS Computer Engineering
1.36,Data & Information Management,1,1,3,5,2,1,2,2,3,BS Information Systems
1.61,Programming & Software,1,2,1,5,2,3,1,2,2,BS Information Technology
2.42,Agriculture & Environment,5,4,1,4,5,4,1,2,4,BS Agriculture and Biosystems Engineering
1.96,Programming & Software,3,2,2,4,2,1,2,1,1,BS Computer Science
1.34,Hardware & Electronics,2,1,4,4,4,2,5,1,2,BS Computer Engineering
1.18,Research & Documentation,5,5,3,1,5,3,5,3,2,BS Library and Information Science
1.76,Construction & Infrastructure,1,4,4,3,3,3,3,2,1,BS Civil Engineering
2.14,Hardware & Electronics,3,2,3,2,2,4,3,1,4,BS Electronics Engineering
1.43,Construction & Infrastructure,4,3,5,5,2,4,4,2,2,BS Civil Engineering
1.06,Research & Documentation,3,2,4,2,5,5,3,1,3,BS Library and Information Science
1.57,Hardware & Electronics,1,5,4,4,5,5,3,1,4,BS Computer Engineering
1.93,Agriculture & Environment,2,1,4,3,3,1,4,2,1,BS Agriculture and Biosystems Engineering
1.52,Construction & Infrastructure,5,5,3,5,2,3,3,2,4,BS Civil Engineering
1.57,Research & Documentation,4,4,4,3,2,5,4,3,3,BS Library and Information Science
2.8,Research & Documentation,2,4,4,4,3,2,2,2,4,BS Information Systems
1.06,Research & Documentation,4,5,2,1,5,4,1,3,3,BS Library and Information Science
2.81,Construction & Infrastructure,1,2,3,4,4,1,1,2,4,BS Civil Engineering
1.07,Construction & Infrastructure,3,1,1,2,5,2,3,1,1,BS Civil Engineering
1.79,Research & Documentation,2,3,4,1,2,3,3,3,3,BS Library and Information Science
2.13,Construction & Infrastructure,4,3,4,4,1,4,1,1,4,BS Civil Engineering
1.6,Construction & Infrastructure,3,2,3,4,1,4,2,3,3,BS Civil Engineering
1.72,Data & Information Management,4,2,3,2,5,4,1,1,1,BS Information Systems
2.33,Hardware & Electronics,1,5,3,5,4,5,3,3,3,BS Computer Engineering
1.37,Agriculture & Environment,3,2,4,1,4,1,2,3,4,BS Agriculture and Biosystems Engineering
1.6,Data & Information Management,5,2,3,1,2,2,2,2,1,BS Information Systems
2.27,Hardware & Electronics,2,5,4,5,2,2,5,3,4,BS Computer Engineering
1.98,Construction & Infrastructure,2,2,2,4,1,2,2,1,1,BS Civil Engineering
2.99,Programming & Software,2,3,3,4,1,1,1,2,2,BS Information Technology
2.14,Agriculture & Environment,5,2,3,1,5,1,4,3,1,BS Agriculture and Biosystems Engineering
1.55,Programming & Software,2,1,4,4,2,1,3,3,3,BS Information Technology
1.86,Hardware & Electronics,2,4,1,3,5,2,4,1,2,BS Computer Engineering
2.36,Data & Information Management,4,4,1,3,4,5,5,1,2,BS Information Technology
2.59,Hardware & Electronics,1,2,2,2,4,1,5,1,4,BS Computer Engineering
2.5,Agriculture & Environment,4,4,4,3,1,3,1,2,2,BS Agriculture and Biosystems Engineering
2.61,Programming & Software,3,5,1,2,3,2,2,2,4,BS Computer Science
2.48,Programming & Software,1,4,2,2,2,1,5,3,1,BS Information Technology
1.61,Construction & Infrastructure,5,4,2,2,5,2,3,1,1,BS Civil Engineering
2.82,Construction & Infrastructure,2,3,5,1,1,4,2,2,1,BS Civil Engineering
1.49,Data & Information Management,3,4,2,4,2,4,2,3,2,BS Information Technology
1.63,Agriculture & Environment,4,5,1,3,5,5,2,1,2,BS Agriculture and Biosystems Engineering
1.81,Hardware & Electronics,5,3,4,4,1,2,2,3,4,BS Computer Engineering
2.18,Agriculture & Environment,3,5,5,3,5,4,4,2,3,BS Agriculture and Biosystems Engineering
2.14,Research & Documentation,4,3,3,4,3,5,2,2,3,BS Library and Information Science
2.33,Research & Documentation,4,5,3,1,3,3,2,3,1,BS Library and Information Science
1.14,Agriculture & Environment,2,1,3,2,1,3,2,1,1,BS Agriculture and Biosystems Engineering
2.51,Research & Documentation,4,4,5,4,4,3,5,3,3,BS Library and Information Science
2.83,Hardware & Electronics,1,3,4,4,1,1,2,2,4,BS Computer Engineering
1.52,Hardware & Electronics,5,5,5,2,3,2,2,3,3,BS Electronics Engineering
2.21,Data & Information Management,5,4,3,1,3,5,5,2,3,BS Information Technology
1.13,Research & Documentation,2,4,2,5,2,1,2,3,2,BS Information Systems
2.14,Research & Documentation,4,2,2,1,5,4,2,3,1,BS Library and Information Science
2.0,Agriculture & Environment,1,4,1,3,1,4,1,3,1,BS Agriculture and Biosystems Engineering
2.72,Agriculture & Environment,5,1,1,2,5,5,4,1,4,BS Agriculture and Biosystems Engineering
1.03,Hardware & Electronics,4,1,1,1,1,5,1,3,3,BS Electronics Engineering
1.7,Construction & Infrastructure,5,4,2,1,1,2,3,1,4,BS Civil Engineering
2.68,Agriculture & Environment,1,1,2,2,4,2,2,3,4,BS Agriculture and Biosystems Engineering
2.57,Agriculture & Environment,1,3,4,5,1,2,5,2,1,BS Agriculture and Biosystems Engineering
1.39,Data & Information Management,5,1,1,1,4,3,4,1,2,BS Information Systems
2.77,Research & Documentation,4,5,2,3,3,1,5,3,4,BS Information Systems
2.84,Agriculture & Environment,3,1,3,2,5,5,2,1,1,BS Agriculture and Biosystems Engineering
2.29,Agriculture & Environment,4,5,4,5,4,5,4,1,2,BS Agriculture and Biosystems Engineering
2.91,Agriculture & Environment,4,2,4,2,4,1,3,3,2,BS Agriculture and Biosystems Engineering
2.03,Agriculture & Environment,2,2,5,4,4,2,3,3,1,BS Agriculture and Biosystems Engineering
1.5,Data & Information Management,5,3,5,5,2,3,2,3,4,BS Information Technology
1.26,Research & Documentation,3,3,1,1,3,3,2,1,1,BS Library and Information Science
2.04,Research & Documentation,4,4,3,4,3,5,2,2,2,BS Library and Information Science
1.52,Hardware & Electronics,5,3,4,2,5,3,1,3,3,BS Electronics Engineering
2.86,Data & Information Management,1,4,1,1,2,4,5,1,4,BS Information Technology
1.93,Construction & Infrastructure,2,5,4,2,4,2,4,2,1,BS Civil Engineering
1.53,Construction & Infrastructure,4,5,2,1,1,5,2,2,1,BS Civil Engineering
1.04,Data & Information Management,5,1,4,4,5,4,3,2,2,BS Information Systems
2.98,Construction & Infrastructure,5,1,3,5,5,2,3,3,2,BS Civil Engineering
1.53,Construction & Infrastructure,2,1,2,3,3,3,4,2,2,BS Civil Engineering
2.38,Construction & Infrastructure,3,1,1,5,4,1,3,1,3,BS Civil Engineering
2.29,Research & Documentation,1,2,3,1,1,5,2,3,4,BS Library and Information Science
1.82,Hardware & Electronics,1,4,5,4,5,4,2,3,1,BS Computer Engineering
2.71,Construction & Infrastructure,4,1,2,3,3,2,1,3,2,BS Civil Engineering
1.91,Agriculture & Environment,1,2,3,3,4,5,3,2,3,BS Agriculture and Biosystems Engineering
2.97,Programming & Software,3,3,2,5,4,2,1,3,3,BS Computer Science
2.13,Agriculture & Environment,3,1,5,3,5,3,5,3,1,BS Agriculture and Biosystems Engineering
1.12,Hardware & Electronics,3,2,5,5,2,4,3,1,3,BS Computer Engineering
1.26,Construction & Infrastructure,3,3,3,5,1,4,4,3,4,BS Civil Engineering
1.07,Research & Documentation,2,2,5,5,1,1,4,2,3,BS Information Systems
1.31,Construction & Infrastructure,4,3,3,2,1,2,3,3,3,BS Civil Engineering
1.12,Hardware & Electronics,3,2,2,5,3,5,5,1,2,BS Computer Engineering
2.83,Agriculture & Environment,3,5,2,2,3,5,3,1,3,BS Agriculture and Biosystems Engineering
2.36,Agriculture & Environment,1,4,5,3,2,1,5,3,1,BS Agriculture and Biosystems Engineering
2.0,Research & Documentation,2,1,1,2,5,4,5,3,1,BS Library and Information Science
1.48,Data & Information Management,1,1,5,2,3,2,2,2,2,BS Information Systems
2.8,Construction & Infrastructure,3,1,3,5,3,3,2,2,2,BS Civil Engineering
2.91,Construction & Infrastructure,4,5,2,5,4,3,4,3,4,BS Civil Engineering
2.97,Research & Documentation,4,1,3,4,2,2,5,2,3,BS Information Systems
1.37,Agriculture & Environment,3,3,1,1,5,3,1,1,4,BS Agriculture and Biosystems Engineering
1.57,Research & Documentation,3,3,5,3,4,2,3,2,1,BS Information Systems
2.33,Research & Documentation,3,4,2,2,4,1,4,1,3,BS Information Systems
1.39,Construction & Infrastructure,4,1,5,1,1,5,3,3,4,BS Civil Engineering
2.11,Research & Documentation,1,2,3,3,5,1,3,3,2,BS Information Systems
2.66,Research & Documentation,1,2,4,5,5,5,2,3,2,BS Library and Information Science
1.16,Data & Information Management,5,2,4,2,1,5,3,1,4,BS Information Systems
1.37,Construction & Infrastructure,3,3,5,5,5,4,4,2,1,BS Civil Engineering
2.99,Construction & Infrastructure,1,4,2,5,4,1,3,3,2,BS Civil Engineering
1.41,Hardware & Electronics,5,3,3,4,2,5,4,2,1,BS Computer Engineering
1.15,Data & Information Management,3,2,5,2,2,1,1,1,1,BS Information Systems
2.61,Hardware & Electronics,3,4,5,3,4,1,1,1,3,BS Computer Engineering
1.93,Data & Information Management,2,3,4,4,1,1,1,1,4,BS Information Technology
1.94,Construction & Infrastructure,4,3,1,2,4,3,5,3,1,BS Civil Engineering
2.11,Agriculture & Environment,1,5,1,5,5,1,3,1,3,BS Agriculture and Biosystems Engineering
2.6,Construction & Infrastructure,2,2,4,3,1,2,1,2,3,BS Civil Engineering
1.97,Agriculture & Environment,2,2,3,4,3,1,1,1,2,BS Agriculture and Biosystems Engineering
2.83,Programming & Software,5,3,4,4,4,1,2,1,4,BS Computer Science
2.33,Hardware & Electronics,4,4,5,4,4,5,4,2,1,BS Computer Engineering
2.43,Hardware & Electronics,1,3,5,1,1,4,1,3,2,BS Computer Engineering
2.26,Hardware & Electronics,5,2,5,5,4,3,4,2,2,BS Computer Engineering
1.8,Data & Information Management,1,3,1,3,5,1,2,2,2,BS Information Technology
1.43,Research & Documentation,4,2,2,5,1,4,3,2,2,BS Library and Information Science
1.72,Research & Documentation,3,5,5,5,1,3,4,2,2,BS Library and Information Science
2.87,Construction & Infrastructure,4,3,4,2,1,4,1,1,3,BS Civil Engineering
1.14,Agriculture & Environment,4,4,3,3,1,4,3,3,2,BS Agriculture and Biosystems Engineering
3.0,Hardware & Electronics,3,2,1,1,1,4,4,3,1,BS Electronics Engineering
2.78,Agriculture & Environment,2,1,1,1,3,4,4,2,3,BS Agriculture and Biosystems Engineering
1.57,Programming & Software,4,4,5,1,1,1,5,2,1,BS Computer Science
1.72,Agriculture & Environment,5,2,3,3,4,1,3,2,4,BS Agriculture and Biosystems Engineering
1.02,Research & Documentation,4,5,2,4,2,3,2,3,3,BS Library and Information Science
1.55,Research & Documentation,2,4,2,5,5,2,2,1,1,BS Information Systems
2.76,Research & Documentation,3,1,1,1,4,1,4,1,2,BS Information Systems
2.18,Research & Documentation,5,4,5,2,4,4,5,3,3,BS Library and Information Science
2.46,Programming & Software,4,5,5,2,2,1,2,1,1,BS Computer Science
1.53,Programming & Software,4,5,2,4,3,4,3,3,2,BS Computer Science
1.88,Research & Documentation,1,4,4,1,4,3,2,1,3,BS Library and Information Science
2.8,Research & Documentation,1,3,2,3,1,5,4,1,2,BS Library and Information Science
1.39,Construction & Infrastructure,2,1,5,5,3,3,1,1,2,BS Civil Engineering
2.43,Agriculture & Environment,1,3,4,4,3,2,5,2,4,BS Agriculture and Biosystems Engineering
2.86,Construction & Infrastructure,3,2,2,1,2,1,3,1,4,BS Civil Engineering
1.24,Programming & Software,2,4,5,4,1,5,2,1,3,BS Information Technology
1.0,Programming & Software,1,3,4,5,5,4,2,2,3,BS Information Technology
1.58,Construction & Infrastructure,3,2,1,4,5,4,5,3,1,BS Civil Engineering
1.99,Construction & Infrastructure,4,4,1,2,2,4,5,1,3,BS Civil Engineering
1.35,Hardware & Electronics,2,5,2,2,2,4,3,1,3,BS Computer Engineering
2.67,Programming & Software,2,4,5,4,1,2,5,1,4,BS Information Technology
1.19,Research & Documentation,5,1,3,1,1,4,5,3,3,BS Library and Information Science
1.24,Construction & Infrastructure,1,5,5,1,5,1,2,2,4,BS Civil Engineering
1.9,Data & Information Management,1,2,4,5,3,4,4,2,2,BS Information Systems
1.58,Programming & Software,5,2,1,5,5,3,2,1,4,BS Computer Science
1.85,Agriculture & Environment,4,4,3,5,1,1,3,1,3,BS Agriculture and Biosystems Engineering
2.39,Hardware & Electronics,3,2,4,5,4,4,1,1,4,BS Computer Engineering
1.76,Programming & Software,1,3,5,1,1,4,5,1,2,BS Information Technology
1.52,Research & Documentation,1,5,1,3,4,1,1,2,3,BS Information Systems
1.55,Programming & Software,2,4,4,5,1,3,5,3,3,BS Information Technology
1.19,Construction & Infrastructure,3,3,3,2,2,4,4,3,3,BS Civil Engineering
1.91,Data & Information Management,2,2,5,4,1,4,3,1,2,BS Information Systems
1.59,Hardware & Electronics,3,2,1,3,5,5,4,1,3,BS Computer Engineering
1.52,Programming & Software,2,4,1,4,1,2,3,1,2,BS Information Technology
1.35,Programming & Software,1,4,3,1,4,4,4,2,3,BS Information Technology
1.25,Hardware & Electronics,5,4,2,4,5,5,4,2,3,BS Computer Engineering
2.71,Data & Information Management,2,4,2,5,3,3,1,3,3,BS Information Technology
2.24,Construction & Infrastructure,4,4,5,4,1,3,4,1,1,BS Civil Engineering
2.51,Hardware & Electronics,4,4,4,2,1,4,5,3,4,BS Electronics Engineering
2.99,Agriculture & Environment,4,5,4,4,5,5,4,3,1,BS Agriculture and Biosystems Engineering
2.05,Data & Information Management,3,1,1,1,4,1,2,1,2,BS Information Systems
1.96,Agriculture & Environment,3,5,2,2,1,2,2,1,1,BS Agriculture and Biosystems Engineering
2.1,Agriculture & Environment,3,4,3,2,4,5,2,1,4,BS Agriculture and Biosystems Engineering
1.44,Research & Documentation,2,3,1,1,3,3,3,1,2,BS Library and Information Science
1.98,Hardware & Electronics,5,1,4,3,2,2,5,1,2,BS Computer Engineering
2.45,Hardware & Electronics,2,3,5,4,3,1,5,3,2,BS Computer Engineering
2.26,Research & Documentation,3,1,3,4,2,4,4,1,1,BS Library and Information Science
2.96,Construction & Infrastructure,4,4,1,3,1,4,3,3,4,BS Civil Engineering
1.23,Research & Documentation,1,1,4,1,4,1,1,2,3,BS Information Systems
2.57,Data & Information Management,1,4,1,4,1,4,2,3,3,BS Information Technology
1.01,Data & Information Management,3,3,1,2,2,3,1,2,2,BS Information Technology
1.84,Research & Documentation,2,5,2,1,4,4,2,3,4,BS Library and Information Science
2.6,Programming & Software,2,5,4,1,3,3,1,3,4,BS Information Technology
2.99,Data & Information Management,5,4,2,5,1,3,1,3,4,BS Information Technology
1.81,Construction & Infrastructure,1,5,2,1,3,1,4,3,2,BS Civil Engineering
2.95,Data & Information Management,5,5,4,5,1,2,3,1,3,BS Information Technology
2.64,Hardware & Electronics,4,1,5,1,2,4,1,3,2,BS Electronics Engineering
2.16,Construction & Infrastructure,4,3,1,5,4,4,2,3,1,BS Civil Engineering
2.97,Hardware & Electronics,3,1,2,2,3,5,3,1,4,BS Electronics Engineering
1.8,Agriculture & Environment,1,4,4,3,3,2,4,1,4,BS Agriculture and Biosystems Engineering
2.64,Construction & Infrastructure,4,4,5,1,1,4,5,2,3,BS Civil Engineering
1.39,Construction & Infrastructure,4,3,3,3,4,5,4,2,1,BS Civil Engineering
1.19,Hardware & Electronics,3,1,3,4,4,2,1,1,4,BS Computer Engineering
1.76,Programming & Software,4,3,3,1,4,3,2,3,1,BS Computer Science
1.3,Hardware & Electronics,3,3,2,4,1,4,1,1,3,BS Computer Engineering
1.51,Construction & Infrastructure,4,5,1,2,4,3,2,2,4,BS Civil Engineering
2.57,Research & Documentation,2,3,5,4,4,4,2,2,1,BS Library and Information Science
1.56,Programming & Software,3,3,2,2,1,5,1,1,1,BS Computer Science
1.87,Data & Information Management,2,5,5,2,2,2,3,3,2,BS Information Technology
1.93,Hardware & Electronics,5,1,2,4,3,1,2,3,4,BS Computer Engineering
2.53,Hardware & Electronics,4,2,5,1,3,2,3,3,3,BS Electronics Engineering
2.62,Research & Documentation,2,2,4,4,3,2,4,1,4,BS Information Systems
1.69,Agriculture & Environment,3,1,1,1,4,3,4,2,4,BS Agriculture and Biosystems Engineering
1.51,Agriculture & Environment,4,2,4,1,3,4,2,2,3,BS Agriculture and Biosystems Engineering
2.64,Research & Documentation,5,5,2,4,4,5,2,2,3,BS Library and Information Science
1.38,Research & Documentation,3,1,5,2,1,5,5,2,2,BS Library and Information Science
2.15,Programming & Software,3,4,4,4,2,4,5,1,1,BS Computer Science
2.63,Construction & Infrastructure,4,2,3,3,4,1,3,1,1,BS Civil Engineering
2.66,Programming & Software,3,3,3,5,4,4,3,3,3,BS Computer Science
2.79,Programming & Software,5,1,2,1,4,5,4,2,4,BS Computer Science
2.58,Data & Information Management,2,2,2,3,1,1,5,2,2,BS Information Systems
1.81,Hardware & Electronics,3,3,5,4,3,2,1,2,2,BS Computer Engineering
1.81,Agriculture & Environment,4,4,2,3,3,2,4,3,1,BS Agriculture and Biosystems Engineering
2.92,Agriculture & Environment,4,3,5,2,5,4,5,1,2,BS Agriculture and Biosystems Engineering
1.25,Hardware & Electronics,2,4,4,3,2,1,3,3,3,BS Computer Engineering
2.41,Programming & Software,2,2,4,3,1,1,3,3,4,BS Information Technology
2.59,Construction & Infrastructure,1,5,3,4,3,1,2,3,2,BS Civil Engineering
1.09,Programming & Software,5,4,2,3,3,1,2,2,1,BS Computer Science
2.07,Programming & Software,4,5,1,1,1,3,4,1,1,BS Computer Science
1.86,Hardware & Electronics,2,3,2,2,4,4,1,3,3,BS Computer Engineering
1.42,Data & Information Management,1,4,5,2,4,3,1,3,1,BS Information Technology
2.2,Data & Information Management,4,3,4,2,3,4,1,2,4,BS Information Technology
2.09,Construction & Infrastructure,5,4,4,3,5,2,5,1,4,BS Civil Engineering
2.19,Research & Documentation,1,2,4,5,3,2,2,3,3,BS Information Systems
1.71,Programming & Software,4,4,1,5,1,2,1,2,4,BS Computer Science
1.36,Construction & Infrastructure,5,5,2,3,2,5,4,3,2,BS Civil Engineering
1.6,Research & Documentation,4,5,2,5,4,5,5,3,2,BS Library and Information Science
1.37,Research & Documentation,3,1,2,2,2,4,1,3,4,BS Library and Information Science
1.73,Agriculture & Environment,1,2,1,4,4,2,1,2,4,BS Agriculture and Biosystems Engineering
2.5,Data & Information Management,2,3,4,1,2,2,5,1,1,BS Information Technology
1.94,Programming & Software,3,5,2,5,3,4,4,2,3,BS Computer Science
2.36,Construction & Infrastructure,1,4,2,5,4,4,5,1,4,BS Civil Engineering
1.97,Programming & Software,2,5,3,2,2,1,1,3,2,BS Information Technology
2.68,Agriculture & Environment,5,3,5,3,5,2,2,3,4,BS Agriculture and Biosystems Engineering
1.6,Agriculture & Environment,4,1,3,1,3,3,4,3,3,BS Agriculture and Biosystems Engineering
1.46,Construction & Infrastructure,5,1,2,2,2,5,1,1,1,BS Civil Engineering
1.89,Research & Documentation,2,3,4,2,1,2,5,3,4,BS Information Systems
1.68,Construction & Infrastructure,3,2,5,1,1,5,5,3,2,BS Civil Engineering
1.62,Hardware & Electronics,1,1,3,1,2,4,2,2,4,BS Electronics Engineering
1.48,Construction & Infrastructure,4,5,2,4,1,2,4,1,4,BS Civil Engineering
1.19,Hardware & Electronics,2,4,2,2,5,2,1,3,4,BS Computer Engineering
2.25,Research & Documentation,5,1,4,1,2,2,1,3,1,BS Information Systems
1.92,Construction & Infrastructure,4,5,2,2,4,1,3,2,1,BS Civil Engineering
2.94,Hardware & Electronics,3,5,4,2,3,5,4,2,4,BS Computer Engineering
2.51,Hardware & Electronics,3,2,5,1,5,1,3,1,3,BS Electronics Engineering
2.58,Agriculture & Environment,1,2,1,5,3,3,4,2,3,BS Agriculture and Biosystems Engineering
2.03,Construction & Infrastructure,3,5,2,3,1,2,1,2,2,BS Civil Engineering
2.28,Agriculture & Environment,1,1,3,5,4,4,3,2,3,BS Agriculture and Biosystems Engineering
1.79,Construction & Infrastructure,1,3,5,4,2,2,3,3,1,BS Civil Engineering
2.81,Data & Information Management,5,1,1,5,3,2,4,1,2,BS Information Systems
1.79,Agriculture & Environment,2,1,1,1,3,3,4,2,1,BS Agriculture and Biosystems Engineering
2.58,Agriculture & Environment,2,4,1,4,3,5,5,3,4,BS Agriculture and Biosystems Engineering
1.46,Research & Documentation,4,1,1,5,2,1,1,2,3,BS Information Systems
2.81,Agriculture & Environment,1,5,5,3,1,5,3,2,2,BS Agriculture and Biosystems Engineering
2.36,Agriculture & Environment,4,2,5,5,1,3,4,2,3,BS Agriculture and Biosystems Engineering
1.78,Hardware & Electronics,4,2,1,3,2,4,4,1,4,BS Computer Engineering
1.94,Programming & Software,3,1,4,1,2,1,5,2,1,BS Computer Science
2.11,Construction & Infrastructure,4,2,5,3,2,3,3,2,1,BS Civil Engineering
2.63,Data & Information Management,3,2,3,4,2,1,3,2,3,BS Information Systems
1.14,Agriculture & Environment,5,3,2,2,1,2,5,2,4,BS Agriculture and Biosystems Engineering
1.02,Hardware & Electronics,3,2,5,5,2,5,2,3,4,BS Computer Engineering
1.79,Research & Documentation,2,4,2,3,3,1,5,3,4,BS Information Systems
2.52,Agriculture & Environment,4,5,4,3,5,5,1,1,2,BS Agriculture and Biosystems Engineering
2.69,Data & Information Management,1,3,5,4,2,2,1,2,3,BS Information Technology
1.1,Programming & Software,5,5,2,4,1,5,1,3,1,BS Computer Science
1.66,Construction & Infrastructure,1,5,1,3,3,4,4,1,3,BS Civil Engineering
2.41,Agriculture & Environment,1,4,3,1,4,2,3,3,2,BS Agriculture and Biosystems Engineering
1.97,Programming & Software,5,5,5,3,3,5,2,3,2,BS Computer Science
2.97,Research & Documentation,3,4,2,1,4,5,1,1,1,BS Library and Information Science
1.45,Agriculture & Environment,3,2,2,5,1,3,5,2,1,BS Agriculture and Biosystems Engineering
2.11,Research & Documentation,3,4,3,5,3,2,5,1,2,BS Information Systems
2.67,Agriculture & Environment,5,5,1,5,1,2,5,1,4,BS Agriculture and Biosystems Engineering
3.0,Agriculture & Environment,2,2,1,5,5,4,4,3,1,BS Agriculture and Biosystems Engineering
2.61,Agriculture & Environment,3,3,1,5,2,5,2,1,4,BS Agriculture and Biosystems Engineering
1.13,Hardware & Electronics,4,1,2,1,5,1,5,2,2,BS Electronics Engineering
2.71,Agriculture & Environment,5,4,2,1,3,1,3,3,1,BS Agriculture and Biosystems Engineering
1.02,Agriculture & Environment,4,2,4,5,3,5,3,2,4,BS Agriculture and Biosystems Engineering
2.33,Programming & Software,5,2,5,2,3,5,2,2,1,BS Computer Science
2.12,Programming & Software,3,5,3,3,3,1,3,2,1,BS Computer Science
1.21,Research & Documentation,3,1,4,1,2,1,5,3,1,BS Information Systems
2.42,Research & Documentation,3,3,1,4,5,2,4,1,3,BS Information Systems
2.9,Research & Documentation,4,5,5,2,1,4,1,1,3,BS Library and Information Science
2.71,Construction & Infrastructure,3,4,5,2,4,4,3,1,2,BS Civil Engineering
1.16,Agriculture & Environment,4,1,3,4,4,5,5,2,1,BS Agriculture and Biosystems Engineering
2.67,Data & Information Management,3,2,5,5,4,3,4,1,1,BS Information Systems
1.74,Hardware & Electronics,5,3,5,4,3,4,1,3,2,BS Computer Engineering
1.02,Construction & Infrastructure,4,5,5,1,5,5,2,3,2,BS Civil Engineering
2.97,Construction & Infrastructure,5,3,3,4,5,3,4,2,3,BS Civil Engineering
1.57,Research & Documentation,4,3,1,3,4,2,3,1,1,BS Information Systems
2.13,Hardware & Electronics,3,2,3,3,5,3,4,1,1,BS Computer Engineering
1.86,Hardware & Electronics,3,4,4,4,1,2,2,3,3,BS Computer Engineering
1.05,Construction & Infrastructure,2,1,4,1,3,4,2,3,3,BS Civil Engineering
2.84,Construction & Infrastructure,1,4,2,3,5,3,4,2,1,BS Civil Engineering
2.64,Data & Information Management,2,5,1,4,3,2,2,3,1,BS Information Technology
2.31,Hardware & Electronics,2,1,1,2,3,2,5,2,4,BS Electronics Engineering
1.87,Agriculture & Environment,3,3,1,5,2,1,1,3,3,BS Agriculture and Biosystems Engineering
1.83,Research & Documentation,4,4,5,1,1,1,3,1,3,BS Information Systems
2.5,Construction & Infrastructure,5,4,2,3,5,2,1,3,3,BS Civil Engineering
2.64,Research & Documentation,2,1,4,2,5,2,5,2,3,BS Information Systems
1.67,Hardware & Electronics,4,3,3,3,5,4,2,1,1,BS Computer Engineering
2.37,Programming & Software,3,3,4,3,2,1,4,3,2,BS Computer Science
1.48,Research & Documentation,4,5,5,5,5,4,1,1,1,BS Library and Information Science
1.67,Programming & Software,2,2,5,5,3,2,4,1,1,BS Information Technology
1.77,Construction & Infrastructure,3,4,5,5,4,2,3,1,1,BS Civil Engineering
2.56,Hardware & Electronics,3,1,2,2,4,5,2,1,2,BS Electronics Engineering
2.21,Research & Documentation,5,1,1,5,2,3,3,3,3,BS Library and Information Science
1.88,Programming & Software,3,5,4,1,5,3,2,3,3,BS Computer Science
2.66,Hardware & Electronics,1,5,5,4,5,3,1,2,3,BS Computer Engineering
2.56,Agriculture & Environment,2,1,4,2,1,1,1,1,3,BS Agriculture and Biosystems Engineering
2.21,Data & Information Management,2,3,1,3,2,4,5,3,3,BS Information Technology
2.13,Construction & Infrastructure,3,3,3,4,2,1,1,3,2,BS Civil Engineering
1.55,Research & Documentation,3,5,1,4,2,1,4,2,3,BS Information Systems
1.12,Research & Documentation,1,5,2,1,3,5,5,2,3,BS Library and Information Science
2.7,Research & Documentation,2,4,1,3,1,4,4,3,4,BS Library and Information Science
1.27,Research & Documentation,5,3,4,1,2,5,3,1,2,BS Library and Information Science
2.55,Construction & Infrastructure,2,4,4,4,2,1,2,2,1,BS Civil Engineering
1.49,Construction & Infrastructure,3,1,4,3,1,1,5,3,4,BS Civil Engineering
2.71,Programming & Software,3,3,4,2,1,2,1,2,2,BS Computer Science
2.11,Agriculture & Environment,2,2,5,2,4,2,5,1,4,BS Agriculture and Biosystems Engineering
1.67,Agriculture & Environment,4,3,3,3,1,4,2,2,1,BS Agriculture and Biosystems Engineering
2.61,Construction & Infrastructure,2,3,3,1,5,3,3,2,2,BS Civil Engineering
1.24,Hardware & Electronics,4,4,2,1,4,3,1,2,1,BS Electronics Engineering
1.26,Agriculture & Environment,5,5,2,4,5,4,3,3,3,BS Agriculture and Biosystems Engineering
1.07,Programming & Software,1,3,1,5,1,3,2,2,3,BS Information Technology
1.57,Agriculture & Environment,1,3,4,5,1,5,4,1,1,BS Agriculture and Biosystems Engineering
2.62,Agriculture & Environment,5,5,5,2,1,4,3,1,1,BS Agriculture and Biosystems Engineering
1.73,Programming & Software,1,1,3,1,1,2,4,2,4,BS Information Technology
2.0,Construction & Infrastructure,1,1,3,5,4,5,1,3,2,BS Civil Engineering
2.46,Research & Documentation,4,3,1,5,2,1,5,2,3,BS Information Systems
1.83,Hardware & Electronics,3,4,2,2,5,5,2,3,4,BS Computer Engineering
2.86,Programming & Software,3,5,2,5,4,4,2,2,1,BS Computer Science
2.6,Research & Documentation,3,3,5,4,2,5,2,1,2,BS Library and Information Science
2.92,Agriculture & Environment,1,4,5,4,1,3,2,3,1,BS Agriculture and Biosystems Engineering
1.35,Construction & Infrastructure,1,1,4,3,5,5,3,3,3,BS Civil Engineering
2.73,Research & Documentation,2,2,5,4,4,3,4,1,4,BS Library and Information Science
1.77,Research & Documentation,2,2,1,4,1,1,4,1,3,BS Information Systems
1.68,Agriculture & Environment,2,5,1,2,3,5,2,3,4,BS Agriculture and Biosystems Engineering
1.29,Agriculture & Environment,3,4,3,4,4,5,1,1,1,BS Agriculture and Biosystems Engineering
1.06,Data & Information Management,1,5,2,4,1,1,5,1,4,BS Information Technology
1.65,Data & Information Management,4,1,5,1,5,1,2,3,2,BS Information Systems
2.73,Construction & Infrastructure,3,3,5,3,4,4,3,2,2,BS Civil Engineering
1.66,Hardware & Electronics,4,1,1,4,2,2,5,2,3,BS Computer Engineering
2.46,Agriculture & Environment,2,4,3,2,3,3,1,2,3,BS Agriculture and Biosystems Engineering
1.41,Construction & Infrastructure,1,3,4,4,1,2,2,2,3,BS Civil Engineering
1.83,Agriculture & Environment,4,3,4,1,4,4,5,3,1,BS Agriculture and Biosystems Engineering
2.35,Hardware & Electronics,3,5,4,1,5,5,2,2,3,BS Computer Engineering
1.81,Data & Information Management,2,4,4,2,4,1,3,3,4,BS Information Technology
2.67,Programming & Software,2,5,4,4,1,3,3,2,2,BS Information Technology
1.47,Research & Documentation,2,1,5,5,3,1,3,2,3,BS Information Systems
2.45,Data & Information Management,1,4,2,5,4,1,2,2,3,BS Information Technology
2.65,Data & Information Management,4,3,5,5,1,5,5,1,3,BS Information Technology
2.16,Construction & Infrastructure,4,1,3,1,3,3,2,3,1,BS Civil Engineering
2.69,Data & Information Management,1,5,1,2,1,4,5,1,2,BS Information Technology
2.89,Hardware & Electronics,3,3,3,3,4,3,5,3,1,BS Computer Engineering
1.47,Agriculture & Environment,1,3,2,2,4,4,4,2,1,BS Agriculture and Biosystems Engineering
1.14,Construction & Infrastructure,1,4,5,2,4,2,1,3,1,BS Civil Engineering
1.59,Agriculture & Environment,4,1,1,5,2,1,5,3,2,BS Agriculture and Biosystems Engineering
1.57,Data & Information Management,1,1,3,1,4,4,4,1,3,BS Information Systems
1.24,Data & Information Management,4,4,5,4,4,2,5,3,1,BS Information Technology
1.68,Hardware & Electronics,1,2,5,2,1,5,1,1,1,BS Computer Engineering
2.16,Data & Information Management,2,4,5,4,4,1,5,2,1,BS Information Technology
2.07,Programming & Software,3,5,3,3,4,1,1,3,2,BS Computer Science
2.89,Data & Information Management,4,4,2,3,5,4,5,2,3,BS Information Technology
1.85,Agriculture & Environment,1,4,2,3,1,4,3,3,1,BS Agriculture and Biosystems Engineering
1.59,Construction & Infrastructure,3,3,2,1,4,4,1,2,3,BS Civil Engineering
2.31,Data & Information Management,4,5,5,3,4,1,1,2,2,BS Information Technology
1.28,Programming & Software,2,5,5,5,4,3,1,1,4,BS Information Technology
2.63,Programming & Software,3,4,3,5,2,4,5,3,3,BS Computer Science
2.36,Research & Documentation,4,5,1,1,3,3,4,3,2,BS Library and Information Science
2.6,Data & Information Management,2,3,4,3,4,2,4,1,2,BS Information Technology
1.81,Construction & Infrastructure,1,2,4,4,3,1,2,1,1,BS Civil Engineering
1.7,Data & Information Management,3,4,4,5,1,4,1,2,4,BS Information Technology
1.14,Construction & Infrastructure,1,4,3,5,4,4,3,2,2,BS Civil Engineering
2.28,Agriculture & Environment,3,2,1,4,1,4,3,3,4,BS Agriculture and Biosystems Engineering
2.91,Agriculture & Environment,3,2,4,3,4,4,1,3,4,BS Agriculture and Biosystems Engineering
1.07,Construction & Infrastructure,2,2,3,3,3,4,5,2,4,BS Civil Engineering
2.6,Agriculture & Environment,5,4,2,4,3,1,5,1,2,BS Agriculture and Biosystems Engineering
2.37,Research & Documentation,1,2,1,4,4,5,4,3,3,BS Library and Information Science
2.98,Hardware & Electronics,4,3,5,3,4,5,5,1,3,BS Computer Engineering
2.22,Data & Information Management,2,1,3,2,5,3,4,3,2,BS Information Systems
1.3,Construction & Infrastructure,3,3,5,3,1,5,4,1,1,BS Civil Engineering
2.88,Hardware & Electronics,3,4,5,4,2,2,3,2,2,BS Computer Engineering
2.09,Hardware & Electronics,3,1,1,4,1,5,5,1,1,BS Computer Engineering
2.37,Agriculture & Environment,1,1,5,2,4,1,1,3,2,BS Agriculture and Biosystems Engineering
1.63,Research & Documentation,5,1,3,3,3,3,5,3,4,BS Library and Information Science
1.61,Agriculture & Environment,2,5,5,2,4,3,4,2,4,BS Agriculture and Biosystems Engineering
1.29,Research & Documentation,4,2,4,4,5,4,2,3,3,BS Library and Information Science
1.53,Programming & Software,4,4,2,1,5,1,1,1,2,BS Computer Science
1.29,Construction & Infrastructure,3,3,1,4,2,4,5,3,2,BS Civil Engineering
2.39,Research & Documentation,1,3,5,4,2,2,2,1,2,BS Information Systems
1.6,Hardware & Electronics,3,4,1,5,2,1,2,2,2,BS Computer Engineering
1.51,Programming & Software,3,1,2,4,4,4,1,2,3,BS Computer Science
2.13,Agriculture & Environment,1,3,3,1,5,1,3,2,2,BS Agriculture and Biosystems Engineering
1.07,Data & Information Management,2,5,4,3,4,1,4,3,1,BS Information Technology
2.69,Programming & Software,1,5,2,1,1,4,2,2,4,BS Information Technology
2.22,Research & Documentation,1,1,2,5,5,2,2,1,1,BS Information Systems
2.19,Hardware & Electronics,5,1,4,3,1,5,1,1,3,BS Computer Engineering
1.34,Agriculture & Environment,2,5,5,3,1,5,5,1,4,BS Agriculture and Biosystems Engineering
1.33,Research & Documentation,2,1,2,1,2,1,2,2,2,BS Information Systems
2.83,Data & Information Management,1,2,4,2,4,3,5,2,1,BS Information Systems
2.99,Research & Documentation,4,3,3,3,5,1,4,2,1,BS Information Systems
2.98,Research & Documentation,2,2,1,5,4,4,2,3,3,BS Library and Information Science
3.0,Agriculture & Environment,2,5,1,2,5,2,3,3,2,BS Agriculture and Biosystems Engineering
1.98,Construction & Infrastructure,2,3,5,4,1,1,1,3,3,BS Civil Engineering
1.49,Research & Documentation,5,1,4,5,4,2,4,1,1,BS Information Systems
2.57,Research & Documentation,2,2,5,3,1,1,4,1,2,BS Information Systems
1.32,Agriculture & Environment,2,2,5,4,3,5,1,1,4,BS Agriculture and Biosystems Engineering
2.38,Research & Documentation,4,3,5,1,2,5,5,2,4,BS Library and Information Science
2.42,Research & Documentation,1,5,2,2,1,1,2,2,3,BS Information Systems
1.15,Programming & Software,5,4,3,1,3,1,1,2,3,BS Computer Science
2.2,Construction & Infrastructure,4,2,1,5,5,5,5,1,1,BS Civil Engineering
1.59,Data & Information Management,5,4,1,1,1,4,2,2,2,BS Information Technology
2.78,Construction & Infrastructure,3,3,3,5,1,4,1,2,1,BS Civil Engineering
2.93,Agriculture & Environment,3,5,5,2,1,1,2,2,2,BS Agriculture and Biosystems Engineering
1.47,Research & Documentation,2,3,3,3,1,1,5,2,4,BS Information Systems
1.33,Construction & Infrastructure,1,2,4,2,1,4,3,1,3,BS Civil Engineering
2.54,Research & Documentation,1,1,4,4,1,4,1,3,3,BS Library and Information Science
2.53,Agriculture & Environment,4,4,4,1,1,5,1,2,4,BS Agriculture and Biosystems Engineering
1.97,Hardware & Electronics,3,3,3,5,1,1,1,1,2,BS Computer Engineering
2.59,Data & Information Management,2,5,4,1,1,5,2,2,1,BS Information Technology
2.8,Construction & Infrastructure,3,3,1,4,5,1,5,1,3,BS Civil Engineering
1.05,Programming & Software,3,3,3,1,2,3,5,2,1,BS Computer Science
1.6,Hardware & Electronics,1,5,3,4,5,3,2,3,2,BS Computer Engineering
1.49,Hardware & Electronics,5,5,5,4,3,4,5,3,2,BS Computer Engineering
1.53,Research & Documentation,4,2,5,4,3,4,2,2,3,BS Library and Information Science
2.33,Research & Documentation,3,1,1,1,5,2,1,3,4,BS Information Systems
2.94,Construction & Infrastructure,4,4,1,2,2,4,3,1,3,BS Civil Engineering
2.75,Research & Documentation,4,1,4,4,4,1,4,2,2,BS Information Systems
2.25,Agriculture & Environment,5,3,5,1,2,5,3,2,1,BS Agriculture and Biosystems Engineering
2.31,Construction & Infrastructure,1,4,5,2,5,2,1,3,4,BS Civil Engineering
2.41,Construction & Infrastructure,4,1,5,2,4,3,4,1,4,BS Civil Engineering
1.98,Programming & Software,4,4,2,4,3,3,2,1,3,BS Computer Science
2.75,Data & Information Management,2,4,1,4,2,2,1,2,4,BS Information Technology
1.34,Agriculture & Environment,5,5,1,1,2,3,1,1,2,BS Agriculture and Biosystems Engineering
2.91,Construction & Infrastructure,4,3,3,1,3,3,1,1,3,BS Civil Engineering
1.16,Hardware & Electronics,2,1,3,4,5,3,5,3,3,BS Computer Engineering
2.37,Hardware & Electronics,4,5,3,5,4,2,5,3,3,BS Computer Engineering
2.25,Hardware & Electronics,3,5,2,4,4,5,2,3,3,BS Computer Engineering
2.47,Programming & Software,4,2,2,2,3,4,2,1,3,BS Computer Science
1.09,Programming & Software,4,3,4,3,3,2,1,3,4,BS Computer Science
2.89,Agriculture & Environment,5,4,1,4,5,3,2,2,3,BS Agriculture and Biosystems Engineering
2.97,Research & Documentation,2,2,3,4,1,1,2,3,2,BS Information Systems
1.18,Data & Information Management,1,3,3,1,1,3,1,2,3,BS Information Technology
1.02,Data & Information Management,2,5,1,4,2,3,2,3,3,BS Information Technology
1.11,Data & Information Management,2,3,4,2,2,2,3,2,3,BS Information Technology
2.68,Construction & Infrastructure,4,4,1,4,3,1,1,3,1,BS Civil Engineering
1.89,Construction & Infrastructure,2,3,3,4,3,4,4,3,4,BS Civil Engineering
2.9,Agriculture & Environment,4,1,4,2,2,4,1,3,4,BS Agriculture and Biosystems Engineering
1.16,Programming & Software,5,4,3,3,3,5,5,3,1,BS Computer Science
2.99,Hardware & Electronics,4,1,5,4,5,2,5,2,4,BS Computer Engineering
2.07,Data & Information Management,3,5,3,5,5,1,4,3,4,BS Information Technology
2.54,Agriculture & Environment,5,4,5,5,4,4,4,2,2,BS Agriculture and Biosystems Engineering
1.45,Agriculture & Environment,5,3,1,1,3,3,1,3,3,BS Agriculture and Biosystems Engineering
2.76,Construction & Infrastructure,4,3,5,4,3,4,1,1,1,BS Civil Engineering
2.05,Data & Information Management,1,2,2,4,5,5,4,3,2,BS Information Systems
1.78,Hardware & Electronics,3,2,5,3,2,2,5,3,4,BS Computer Engineering
2.47,Construction & Infrastructure,5,2,5,2,5,5,4,2,1,BS Civil Engineering
1.67,Construction & Infrastructure,1,5,4,1,2,3,4,2,1,BS Civil Engineering
2.97,Agriculture & Environment,5,1,3,5,3,5,3,3,1,BS Agriculture and Biosystems Engineering
1.74,Data & Information Management,2,3,1,1,4,5,3,2,2,BS Information Technology
1.61,Programming & Software,4,4,2,5,3,4,1,3,4,BS Computer Science
2.0,Programming & Software,3,1,1,1,2,1,1,2,2,BS Computer Science
2.74,Data & Information Management,1,4,1,4,4,1,4,2,2,BS Information Technology
1.63,Hardware & Electronics,5,2,2,4,3,2,4,2,3,BS Computer Engineering
1.03,Data & Information Management,5,3,5,4,5,1,2,2,1,BS Information Technology
1.18,Programming & Software,5,3,1,4,2,5,5,1,4,BS Computer Science
2.31,Agriculture & Environment,5,2,2,3,1,5,4,3,4,BS Agriculture and Biosystems Engineering
2.91,Agriculture & Environment,2,5,5,2,4,4,1,3,4,BS Agriculture and Biosystems Engineering
1.65,Programming & Software,3,4,1,2,1,4,4,1,2,BS Computer Science
2.27,Hardware & Electronics,2,2,2,2,2,1,5,1,3,BS Electronics Engineering
1.26,Research & Documentation,2,1,3,5,4,5,4,1,1,BS Library and Information Science
2.33,Construction & Infrastructure,1,2,3,3,2,2,1,3,1,BS Civil Engineering
1.22,Data & Information Management,1,5,5,3,3,5,2,1,2,BS Information Technology
1.23,Data & Information Management,5,4,2,1,1,1,2,1,4,BS Information Technology
1.58,Data & Information Management,2,4,2,5,1,2,1,2,1,BS Information Technology
1.55,Hardware & Electronics,3,1,3,1,1,5,1,2,3,BS Electronics Engineering
2.27,Agriculture & Environment,5,2,3,1,1,4,2,2,1,BS Agriculture and Biosystems Engineering
1.69,Data & Information Management,2,1,3,2,1,3,4,1,4,BS Information Systems
2.39,Data & Information Management,5,1,2,2,4,2,4,2,2,BS Information Systems
1.26,Research & Documentation,3,5,5,1,4,1,3,2,1,BS Information Systems
2.89,Hardware & Electronics,5,3,4,3,5,3,1,1,1,BS Computer Engineering
1.03,Data & Information Management,3,2,3,3,5,5,1,1,3,BS Information Systems
1.28,Programming & Software,1,3,2,3,1,3,2,2,3,BS Information Technology
1.17,Research & Documentation,2,2,5,4,5,1,4,1,4,BS Information Systems
1.98,Research & Documentation,1,3,5,2,4,5,4,3,1,BS Library and Information Science
2.73,Data & Information Management,3,2,3,2,2,2,1,3,4,BS Information Systems
1.94,Agriculture & Environment,5,3,4,3,1,5,2,3,4,BS Agriculture and Biosystems Engineering
2.32,Data & Information Management,3,1,1,3,4,3,5,3,2,BS Information Systems
2.25,Hardware & Electronics,1,4,2,3,2,4,4,3,4,BS Computer Engineering
2.66,Data & Information Management,3,5,1,2,1,1,4,1,4,BS Information Technology
2.71,Data & Information Management,3,3,4,4,3,4,5,3,3,BS Information Technology
2.16,Hardware & Electronics,1,5,5,2,1,4,2,1,2,BS Computer Engineering
1.54,Construction & Infrastructure,4,3,5,1,1,4,4,3,4,BS Civil Engineering
1.14,Programming & Software,5,1,5,3,1,5,3,1,1,BS Computer Science
1.79,Hardware & Electronics,2,4,2,2,2,3,3,1,1,BS Computer Engineering
2.78,Hardware & Electronics,4,1,3,3,4,1,2,2,4,BS Computer Engineering
1.05,Agriculture & Environment,1,1,2,3,4,4,4,3,4,BS Agriculture and Biosystems Engineering
2.09,Agriculture & Environment,5,2,3,1,4,1,3,1,1,BS Agriculture and Biosystems Engineering
1.77,Data & Information Management,1,2,2,3,3,3,1,1,4,BS Information Systems
2.82,Data & Information Management,5,2,2,5,2,4,5,2,4,BS Information Systems
1.69,Research & Documentation,1,4,3,1,1,3,1,2,4,BS Library and Information Science
2.0,Agriculture & Environment,1,5,3,3,4,4,5,2,2,BS Agriculture and Biosystems Engineering
1.14,Research & Documentation,4,1,4,4,4,2,2,3,3,BS Information Systems
1.26,Construction & Infrastructure,3,3,3,5,2,4,4,2,4,BS Civil Engineering
1.47,Hardware & Electronics,5,5,5,5,2,3,1,1,4,BS Computer Engineering
2.35,Construction & Infrastructure,3,5,1,4,2,2,1,3,2,BS Civil Engineering
1.24,Construction & Infrastructure,3,2,1,4,3,3,1,2,1,BS Civil Engineering
1.28,Data & Information Management,3,5,2,5,1,2,4,3,1,BS Information Technology
2.06,Agriculture & Environment,1,2,3,3,2,3,2,3,4,BS Agriculture and Biosystems Engineering
1.92,Research & Documentation,5,3,3,4,4,2,1,3,3,BS Information Systems
2.7,Hardware & Electronics,1,4,4,3,4,2,3,2,4,BS Computer Engineering
2.08,Construction & Infrastructure,3,4,4,1,4,5,2,1,3,BS Civil Engineering
1.47,Research & Documentation,1,3,2,3,4,3,2,1,1,BS Library and Information Science
1.57,Data & Information Management,5,1,2,4,2,3,4,1,1,BS Information Systems
2.21,Data & Information Management,4,3,1,2,5,2,1,3,4,BS Information Technology
2.78,Construction & Infrastructure,1,4,2,1,2,5,1,2,1,BS Civil Engineering
1.94,Hardware & Electronics,5,2,1,1,4,2,2,3,3,BS Electronics Engineering
2.09,Agriculture & Environment,2,3,1,1,4,1,4,1,2,BS Agriculture and Biosystems Engineering
2.74,Construction & Infrastructure,3,4,5,2,1,4,2,1,1,BS Civil Engineering
2.82,Programming & Software,1,1,2,3,4,4,4,2,2,BS Information Technology
1.18,Construction & Infrastructure,2,3,2,5,5,4,5,1,4,BS Civil Engineering
2.36,Research & Documentation,2,1,5,5,1,3,4,1,3,BS Library and Information Science
2.11,Construction & Infrastructure,5,4,3,5,1,1,2,3,2,BS Civil Engineering
2.8,Agriculture & Environment,2,5,2,3,1,5,3,3,4,BS Agriculture and Biosystems Engineering
1.37,Programming & Software,3,1,2,5,5,1,3,2,3,BS Computer Science
2.76,Data & Information Management,4,3,5,3,1,1,4,3,4,BS Information Technology
2.04,Data & Information Management,5,2,5,2,4,2,1,2,3,BS Information Systems
2.54,Programming & Software,1,3,4,2,5,1,4,2,1,BS Information Technology
2.46,Programming & Software,5,1,3,4,4,5,5,3,2,BS Computer Science
1.54,Data & Information Management,3,5,5,1,4,1,1,3,4,BS Information Technology
2.91,Programming & Software,3,3,1,3,5,4,1,2,1,BS Computer Science
2.54,Programming & Software,2,2,3,3,5,2,2,2,1,BS Information Technology
2.46,Programming & Software,4,5,2,2,2,5,2,1,1,BS Computer Science
1.51,Research & Documentation,4,4,4,1,5,2,1,2,4,BS Information Systems
1.89,Data & Information Management,3,2,1,1,1,3,4,2,1,BS Information Systems
1.37,Construction & Infrastructure,4,5,3,3,3,4,4,1,4,BS Civil Engineering
1.73,Programming & Software,2,3,3,2,2,4,2,3,4,BS Information Technology
1.38,Agriculture & Environment,3,4,5,1,3,4,4,1,3,BS Agriculture and Biosystems Engineering
2.37,Programming & Software,2,4,1,1,4,3,5,2,2,BS Information Technology
1.03,Agriculture & Environment,3,4,5,5,4,1,3,2,1,BS Agriculture and Biosystems Engineering
2.23,Agriculture & Environment,1,5,2,2,4,1,2,3,4,BS Agriculture and Biosystems Engineering
1.75,Construction & Infrastructure,3,4,2,1,4,5,1,1,3,BS Civil Engineering
1.03,Research & Documentation,5,2,1,1,4,3,3,1,3,BS Library and Information Science
1.23,Construction & Infrastructure,3,5,3,2,2,3,5,1,1,BS Civil Engineering
1.38,Agriculture & Environment,2,3,4,1,4,5,3,1,4,BS Agriculture and Biosystems Engineering
1.41,Data & Information Management,4,4,1,1,3,4,5,3,4,BS Information Technology
2.93,Programming & Software,1,1,2,4,3,1,5,3,3,BS Information Technology
2.46,Hardware & Electronics,4,5,4,3,4,2,3,1,4,BS Computer Engineering
2.13,Research & Documentation,1,3,3,2,5,3,4,2,1,BS Library and Information Science
2.48,Agriculture & Environment,3,2,3,2,1,1,1,3,3,BS Agriculture and Biosystems Engineering
2.52,Construction & Infrastructure,3,5,1,2,3,3,3,3,1,BS Civil Engineering
2.39,Construction & Infrastructure,2,3,5,3,5,4,2,3,4,BS Civil Engineering
2.62,Research & Documentation,2,3,2,4,1,4,3,2,3,BS Library and Information Science
2.6,Programming & Software,3,4,3,3,2,4,4,1,4,BS Computer Science
2.92,Data & Information Management,5,2,1,1,5,1,3,2,2,BS Information Systems
1.96,Data & Information Management,4,2,3,2,3,1,4,2,4,BS Information Systems
1.57,Research & Documentation,5,2,4,2,3,5,5,3,4,BS Library and Information Science
2.24,Construction & Infrastructure,5,2,1,3,1,5,4,1,3,BS Civil Engineering
2.07,Data & Information Management,2,2,2,3,2,2,2,1,2,BS Information Systems
1.28,Agriculture & Environment,3,4,2,2,1,3,3,2,3,BS Agriculture and Biosystems Engineering
1.28,Construction & Infrastructure,5,1,5,2,4,4,4,3,1,BS Civil Engineering
1.61,Programming & Software,1,2,4,3,4,4,4,3,1,BS Information Technology
2.53,Programming & Software,1,1,3,1,1,2,2,1,2,BS Information Technology
1.12,Agriculture & Environment,4,2,4,4,1,1,3,1,3,BS Agriculture and Biosystems Engineering
1.5,Agriculture & Environment,1,2,2,4,5,4,2,1,2,BS Agriculture and Biosystems Engineering
2.59,Construction & Infrastructure,5,2,3,1,5,1,2,1,1,BS Civil Engineering
1.96,Hardware & Electronics,3,5,5,5,1,4,1,2,2,BS Computer Engineering
2.47,Data & Information Management,2,1,5,2,2,2,4,3,1,BS Information Systems
2.89,Programming & Software,1,5,4,2,5,4,3,2,3,BS Information Technology
1.95,Agriculture & Environment,3,5,2,4,3,5,5,2,4,BS Agriculture and Biosystems Engineering
1.73,Data & Information Management,1,3,5,1,1,5,5,1,4,BS Information Technology
1.18,Research & Documentation,4,5,2,1,3,3,4,2,2,BS Library and Information Science
1.39,Research & Documentation,1,4,2,4,5,5,4,2,4,BS Library and Information Science
1.53,Hardware & Electronics,1,1,3,5,5,3,1,2,3,BS Computer Engineering
2.34,Construction & Infrastructure,4,2,5,2,1,4,2,3,4,BS Civil Engineering
2.61,Programming & Software,2,2,5,2,5,4,1,3,3,BS Information Technology
2.19,Construction & Infrastructure,5,2,3,2,4,4,4,1,4,BS Civil Engineering
1.28,Hardware & Electronics,3,4,4,3,5,1,3,3,3,BS Computer Engineering
1.19,Data & Information Management,2,2,1,1,3,1,2,2,3,BS Information Systems
1.93,Programming & Software,4,2,3,3,2,4,5,2,2,BS Computer Science
2.76,Programming & Software,2,1,1,1,2,5,5,1,2,BS Information Technology
1.18,Agriculture & Environment,5,4,4,4,2,3,1,2,1,BS Agriculture and Biosystems Engineering
2.97,Construction & Infrastructure,4,1,3,2,3,1,2,3,1,BS Civil Engineering
2.09,Programming & Software,1,2,5,1,1,2,4,1,4,BS Information Technology
1.15,Agriculture & Environment,3,4,4,4,3,3,5,2,2,BS Agriculture and Biosystems Engineering
1.08,Hardware & Electronics,4,4,1,2,2,3,4,2,4,BS Electronics Engineering
2.62,Agriculture & Environment,4,5,4,5,3,2,5,2,4,BS Agriculture and Biosystems Engineering
2.61,Data & Information Management,4,4,3,5,2,4,3,2,4,BS Information Technology
